epoch,time,train/box_loss,train/pose_loss,train/kobj_loss,train/cls_loss,train/dfl_loss,train/rle_loss,metrics/precision(B),metrics/recall(B),metrics/mAP50(B),metrics/mAP50-95(B),metrics/precision(P),metrics/recall(P),metrics/mAP50(P),metrics/mAP50-95(P),val/box_loss,val/pose_loss,val/kobj_loss,val/cls_loss,val/dfl_loss,val/rle_loss,lr/pg0,lr/pg1,lr/pg2,lr/pg3,lr/pg4,lr/pg5,lr/pg6,lr/pg7
1,34895.9,1.42501,1.82255,1.01556,5.10388,0.00432,6.30171,0.61953,0.78789,0.75613,0.6164,0.61953,0.78789,0.75613,0.75573,0.71523,0.05935,0.28889,0.85674,0.00258,0,0.00998715,0.00332905,0.00998715,0.00332905,0.00998715,0.00332905,0.00998715,0.00332905
2,35175.9,0.90494,0.2817,0.31309,1.28356,0.00225,1.4367,0.94704,0.94361,0.98405,0.8323,0.94704,0.94361,0.98405,0.9823,0.6558,0.10017,0.12698,0.34167,0.00237,0,0.0197893,0.00659642,0.0197893,0.00659642,0.0197893,0.00659642,0.0197893,0.00659642
3,35451.7,0.84785,0.21623,0.26952,0.60436,0.00206,1.19995,0.95766,0.95969,0.9909,0.84338,0.95766,0.95969,0.9909,0.99027,0.6143,0.06417,0.12509,0.29114,0.0021,0,0.0293934,0.0097978,0.0293934,0.0097978,0.0293934,0.0097978,0.0293934,0.0097978
4,35721.4,0.77907,0.16896,0.24993,0.42246,0.00185,0.54951,0.97013,0.96449,0.99168,0.83458,0.97013,0.96449,0.99168,0.99154,0.66487,0.04332,0.10907,0.30488,0.00244,0,0.029109,0.009703,0.029109,0.009703,0.029109,0.009703,0.029109,0.009703
5,35990.5,0.71187,0.12782,0.21579,0.33721,0.00161,-0.20743,0.97823,0.98331,0.9932,0.88197,0.97823,0.98331,0.9932,0.99319,0.51312,0.02505,0.09905,0.19645,0.00173,0,0.028812,0.009604,0.028812,0.009604,0.028812,0.009604,0.028812,0.009604
6,36260.5,0.68166,0.10974,0.19837,0.30231,0.00152,-0.66736,0.98194,0.98388,0.99411,0.89548,0.98194,0.98388,0.99411,0.9941,0.47815,0.02211,0.08626,0.17933,0.00161,0,0.028515,0.009505,0.028515,0.009505,0.028515,0.009505,0.028515,0.009505
7,36535.1,0.64767,0.09257,0.1759,0.27145,0.00143,-1.00071,0.97832,0.98034,0.99328,0.89099,0.97832,0.98034,0.9933,0.99323,0.49592,0.02651,0.07326,0.19026,0.00169,0,0.028218,0.009406,0.028218,0.009406,0.028218,0.009406,0.028218,0.009406
8,36808.1,0.63248,0.0878,0.15893,0.26687,0.00139,-1.2209,0.98357,0.99116,0.9945,0.8879,0.98357,0.99116,0.9945,0.99448,0.49784,0.02069,0.07532,0.17151,0.00168,0,0.027921,0.009307,0.027921,0.009307,0.027921,0.009307,0.027921,0.009307
9,37079.7,0.61244,0.08164,0.15454,0.24325,0.00132,-1.47408,0.99138,0.98814,0.99479,0.91125,0.99138,0.98814,0.99479,0.99478,0.44854,0.02102,0.0705,0.15033,0.0015,0,0.027624,0.009208,0.027624,0.009208,0.027624,0.009208,0.027624,0.009208
10,37351.3,0.59699,0.06904,0.14093,0.23809,0.00129,-1.5942,0.98952,0.99298,0.99472,0.90635,0.98952,0.99298,0.99472,0.99471,0.45912,0.02247,0.06094,0.1513,0.00153,0,0.027327,0.009109,0.027327,0.009109,0.027327,0.009109,0.027327,0.009109
11,37624.6,0.57809,0.07119,0.13397,0.2334,0.00125,-1.71314,0.98966,0.99066,0.99476,0.91067,0.98966,0.99066,0.99476,0.99476,0.43064,0.02037,0.06374,0.15001,0.00144,0,0.02703,0.00901,0.02703,0.00901,0.02703,0.00901,0.02703,0.00901
12,37894.1,0.56196,0.05881,0.12487,0.21943,0.00119,-1.89258,0.99299,0.99172,0.9948,0.91825,0.99299,0.99172,0.9948,0.99479,0.42155,0.01703,0.05566,0.14338,0.00142,0,0.026733,0.008911,0.026733,0.008911,0.026733,0.008911,0.026733,0.008911
13,38165.4,0.55515,0.06762,0.12266,0.21973,0.00119,-1.89923,0.99225,0.99281,0.9949,0.91264,0.99225,0.99281,0.9949,0.99489,0.43591,0.01762,0.0528,0.14035,0.00148,0,0.026436,0.008812,0.026436,0.008812,0.026436,0.008812,0.026436,0.008812
14,38433.9,0.54853,0.0593,0.11826,0.21362,0.00117,-1.96823,0.99155,0.99441,0.99488,0.92657,0.99155,0.99441,0.99488,0.99488,0.39782,0.01592,0.05185,0.13289,0.00133,0,0.026139,0.008713,0.026139,0.008713,0.026139,0.008713,0.026139,0.008713
15,38705,0.54799,0.06392,0.11561,0.21256,0.00118,-2.0459,0.99115,0.99044,0.99487,0.92568,0.99115,0.99044,0.99487,0.99487,0.4017,0.01645,0.04867,0.13529,0.00134,0,0.025842,0.008614,0.025842,0.008614,0.025842,0.008614,0.025842,0.008614
16,38972.5,0.52926,0.06141,0.11602,0.20199,0.00113,-2.17069,0.99576,0.99354,0.99491,0.92751,0.99576,0.99354,0.99491,0.99491,0.39402,0.01802,0.04627,0.12837,0.00131,0,0.025545,0.008515,0.025545,0.008515,0.025545,0.008515,0.025545,0.008515
17,39243.7,0.52978,0.05613,0.11207,0.2041,0.00113,-2.23152,0.99323,0.9928,0.99492,0.92945,0.99323,0.9928,0.99492,0.99492,0.38899,0.01608,0.04654,0.12892,0.0013,0,0.025248,0.008416,0.025248,0.008416,0.025248,0.008416,0.025248,0.008416
18,39516.1,0.52264,0.05572,0.10816,0.20512,0.00112,-2.27291,0.99155,0.99272,0.9948,0.92471,0.99155,0.99272,0.9948,0.9948,0.39861,0.01549,0.05258,0.13337,0.00134,0,0.024951,0.008317,0.024951,0.008317,0.024951,0.008317,0.024951,0.008317
19,39788.5,0.51389,0.04837,0.10416,0.19073,0.00108,-2.38143,0.99052,0.99546,0.99481,0.92694,0.99052,0.99546,0.99481,0.9948,0.38524,0.01753,0.04981,0.13041,0.00129,0,0.024654,0.008218,0.024654,0.008218,0.024654,0.008218,0.024654,0.008218
20,40061.3,0.51611,0.05198,0.10205,0.19841,0.00109,-2.41184,0.99326,0.99405,0.99476,0.93159,0.99326,0.99405,0.99476,0.99476,0.3797,0.01783,0.04732,0.12477,0.00127,0,0.024357,0.008119,0.024357,0.008119,0.024357,0.008119,0.024357,0.008119
21,40333.8,0.50739,0.04715,0.10329,0.18964,0.00109,-2.46845,0.99676,0.99271,0.99496,0.92754,0.99676,0.99271,0.99496,0.99496,0.40207,0.0148,0.04986,0.12664,0.00134,0,0.02406,0.00802,0.02406,0.00802,0.02406,0.00802,0.02406,0.00802
22,40604.8,0.49954,0.04686,0.1018,0.18974,0.00106,-2.5461,0.99386,0.99541,0.99494,0.93559,0.99386,0.99541,0.99494,0.99494,0.37331,0.01565,0.04364,0.12163,0.00125,0,0.023763,0.007921,0.023763,0.007921,0.023763,0.007921,0.023763,0.007921
23,40881.9,0.4954,0.04678,0.09861,0.18627,0.00106,-2.5703,0.99497,0.99371,0.99494,0.93381,0.99497,0.99371,0.99494,0.99494,0.38262,0.01451,0.04716,0.12408,0.00128,0,0.023466,0.007822,0.023466,0.007822,0.023466,0.007822,0.023466,0.007822
24,41153.8,0.49569,0.05135,0.09656,0.18543,0.00104,-2.59008,0.99279,0.99355,0.9949,0.93111,0.99279,0.99355,0.9949,0.9949,0.37945,0.0143,0.04186,0.12571,0.00127,0,0.023169,0.007723,0.023169,0.007723,0.023169,0.007723,0.023169,0.007723
25,41428,0.48945,0.04564,0.09617,0.18099,0.00103,-2.69266,0.99385,0.99382,0.99495,0.93362,0.99385,0.99382,0.99495,0.99495,0.37746,0.0135,0.05533,0.12176,0.00126,0,0.022872,0.007624,0.022872,0.007624,0.022872,0.007624,0.022872,0.007624
26,41701.2,0.49009,0.04665,0.09796,0.18876,0.00103,-2.76973,0.99213,0.9883,0.99487,0.93006,0.99213,0.9883,0.99487,0.99487,0.36997,0.01235,0.05037,0.14257,0.00124,0,0.022575,0.007525,0.022575,0.007525,0.022575,0.007525,0.022575,0.007525
27,41976.5,0.4903,0.04547,0.09669,0.18175,0.00103,-2.81025,0.99709,0.992,0.99497,0.93193,0.99709,0.992,0.99497,0.99497,0.38241,0.0119,0.04859,0.12237,0.00128,0,0.022278,0.007426,0.022278,0.007426,0.022278,0.007426,0.022278,0.007426
28,42250.5,0.49125,0.04837,0.09803,0.17943,0.00102,-2.94094,0.99253,0.991,0.99489,0.93454,0.99253,0.991,0.99489,0.99489,0.37148,0.01161,0.04235,0.12417,0.00123,0,0.021981,0.007327,0.021981,0.007327,0.021981,0.007327,0.021981,0.007327
29,42523.8,0.4737,0.04085,0.09152,0.17334,0.001,-2.99949,0.99665,0.99467,0.99493,0.93575,0.99665,0.99467,0.99493,0.99493,0.37033,0.0117,0.04827,0.11964,0.00123,0,0.021684,0.007228,0.021684,0.007228,0.021684,0.007228,0.021684,0.007228
30,42795.1,0.47816,0.04206,0.08947,0.179,0.001,-3.01831,0.99326,0.99323,0.99493,0.93659,0.99326,0.99323,0.99493,0.99493,0.36641,0.01196,0.04562,0.12103,0.00122,0,0.021387,0.007129,0.021387,0.007129,0.021387,0.007129,0.021387,0.007129
31,43067.7,0.48033,0.04336,0.08746,0.17651,0.001,-3.07034,0.9916,0.99516,0.99497,0.93857,0.9916,0.99516,0.99497,0.99497,0.36567,0.01149,0.04434,0.12005,0.00122,0,0.02109,0.00703,0.02109,0.00703,0.02109,0.00703,0.02109,0.00703
32,43342.5,0.47486,0.04041,0.08389,0.175,0.00099,-3.06839,0.99627,0.99577,0.99497,0.9401,0.99627,0.99577,0.99497,0.99497,0.36029,0.01087,0.03921,0.11349,0.0012,0,0.020793,0.006931,0.020793,0.006931,0.020793,0.006931,0.020793,0.006931
33,43611.6,0.47121,0.036,0.08368,0.1735,0.00098,-3.13669,0.99567,0.99343,0.99497,0.94237,0.99567,0.99343,0.99497,0.99496,0.35663,0.01082,0.04372,0.11491,0.0012,0,0.020496,0.006832,0.020496,0.006832,0.020496,0.006832,0.020496,0.006832
34,43883.8,0.47104,0.03997,0.08666,0.16922,0.00099,-3.12827,0.9943,0.99596,0.99498,0.93879,0.9943,0.99596,0.99498,0.99498,0.36544,0.01106,0.04217,0.11525,0.00123,0,0.020199,0.006733,0.020199,0.006733,0.020199,0.006733,0.020199,0.006733
35,44154.6,0.46374,0.03919,0.08332,0.17131,0.00097,-3.21117,0.996,0.99443,0.99497,0.94074,0.996,0.99443,0.99497,0.99497,0.35442,0.01055,0.04312,0.11664,0.00118,0,0.019902,0.006634,0.019902,0.006634,0.019902,0.006634,0.019902,0.006634
36,44422.8,0.46422,0.03745,0.08125,0.16911,0.00096,-3.27379,0.99518,0.99643,0.99499,0.94199,0.99518,0.99643,0.99499,0.99499,0.35082,0.01044,0.03647,0.11147,0.00117,0,0.019605,0.006535,0.019605,0.006535,0.019605,0.006535,0.019605,0.006535
37,44699.4,0.45358,0.03351,0.08202,0.16466,0.00095,-3.27664,0.99282,0.99762,0.99496,0.9396,0.99282,0.99762,0.99496,0.99496,0.36465,0.01038,0.03918,0.11586,0.00122,0,0.019308,0.006436,0.019308,0.006436,0.019308,0.006436,0.019308,0.006436
38,44972.6,0.46008,0.0389,0.07827,0.16432,0.00096,-3.2871,0.99545,0.99743,0.99499,0.94431,0.99545,0.99743,0.99499,0.99499,0.34546,0.01034,0.04112,0.10983,0.00115,0,0.019011,0.006337,0.019011,0.006337,0.019011,0.006337,0.019011,0.006337
39,45247,0.45645,0.03772,0.07959,0.16466,0.00095,-3.30794,0.99455,0.99583,0.99497,0.94659,0.99455,0.99583,0.99497,0.99497,0.34743,0.01009,0.04203,0.11069,0.00116,0,0.018714,0.006238,0.018714,0.006238,0.018714,0.006238,0.018714,0.006238
40,45521.1,0.46191,0.03699,0.07703,0.16579,0.00095,-3.36201,0.99588,0.9964,0.99499,0.94939,0.99588,0.9964,0.99499,0.99499,0.34048,0.00987,0.03784,0.10832,0.00113,0,0.018417,0.006139,0.018417,0.006139,0.018417,0.006139,0.018417,0.006139
41,45793.8,0.45604,0.03587,0.07618,0.16557,0.00095,-3.40645,0.99682,0.99534,0.99499,0.94731,0.99682,0.99534,0.99499,0.99499,0.34522,0.01023,0.03736,0.10922,0.00115,0,0.01812,0.00604,0.01812,0.00604,0.01812,0.00604,0.01812,0.00604
42,46063.9,0.45687,0.03671,0.07734,0.16598,0.00095,-3.41884,0.99558,0.99815,0.99499,0.9469,0.99558,0.99815,0.99499,0.99499,0.34211,0.00971,0.03758,0.108,0.00114,0,0.017823,0.005941,0.017823,0.005941,0.017823,0.005941,0.017823,0.005941
43,46335.8,0.4449,0.03326,0.07153,0.15897,0.00092,-3.483,0.99678,0.99476,0.99499,0.9458,0.99678,0.99476,0.99499,0.99499,0.34403,0.00966,0.0383,0.11023,0.00115,0,0.017526,0.005842,0.017526,0.005842,0.017526,0.005842,0.017526,0.005842
44,46607,0.4457,0.03248,0.0753,0.15972,0.00093,-3.46879,0.99734,0.99542,0.99499,0.94821,0.99734,0.99542,0.99499,0.99499,0.33865,0.00965,0.03581,0.10768,0.00113,0,0.017229,0.005743,0.017229,0.005743,0.017229,0.005743,0.017229,0.005743
45,46884,0.4474,0.0353,0.07052,0.16245,0.00092,-3.53266,0.99564,0.99439,0.99496,0.94683,0.99564,0.99439,0.99496,0.99496,0.34263,0.00997,0.03289,0.11165,0.00114,0,0.016932,0.005644,0.016932,0.005644,0.016932,0.005644,0.016932,0.005644
46,47161.6,0.44442,0.03167,0.07142,0.15746,0.00093,-3.49584,0.99757,0.99695,0.99499,0.94765,0.99757,0.99695,0.99499,0.99499,0.34312,0.00944,0.03776,0.10839,0.00115,0,0.016635,0.005545,0.016635,0.005545,0.016635,0.005545,0.016635,0.005545
47,47433,0.44252,0.03558,0.06875,0.16641,0.00093,-3.51412,0.995,0.99535,0.99497,0.94598,0.995,0.99535,0.99497,0.99497,0.34291,0.00936,0.03488,0.11379,0.00115,0,0.016338,0.005446,0.016338,0.005446,0.016338,0.005446,0.016338,0.005446
48,47704.4,0.43559,0.02778,0.0677,0.16322,0.0009,-3.5952,0.99602,0.99601,0.99498,0.94756,0.99602,0.99601,0.99498,0.99498,0.33701,0.00942,0.03448,0.10847,0.00112,0,0.016041,0.005347,0.016041,0.005347,0.016041,0.005347,0.016041,0.005347
49,47976.7,0.44218,0.0345,0.06695,0.16549,0.00092,-3.58705,0.99518,0.99784,0.99498,0.95078,0.99518,0.99784,0.99498,0.99498,0.33415,0.00921,0.03507,0.10711,0.00111,0,0.015744,0.005248,0.015744,0.005248,0.015744,0.005248,0.015744,0.005248
50,48249.7,0.43433,0.03104,0.06584,0.15813,0.0009,-3.6351,0.9965,0.99738,0.99499,0.95034,0.9965,0.99738,0.99499,0.99499,0.33388,0.00918,0.03522,0.10611,0.00111,0,0.015447,0.005149,0.015447,0.005149,0.015447,0.005149,0.015447,0.005149
51,48521.7,0.43399,0.02964,0.06523,0.15612,0.00091,-3.6281,0.99715,0.99582,0.99499,0.94896,0.99715,0.99582,0.99499,0.99499,0.33447,0.00925,0.0328,0.10655,0.00111,0,0.01515,0.00505,0.01515,0.00505,0.01515,0.00505,0.01515,0.00505
52,48795.7,0.43284,0.03153,0.06287,0.15719,0.0009,-3.69663,0.99843,0.99575,0.995,0.95332,0.99843,0.99575,0.995,0.995,0.32695,0.00902,0.03422,0.10371,0.00109,0,0.014853,0.004951,0.014853,0.004951,0.014853,0.004951,0.014853,0.004951
53,49069.1,0.43788,0.02804,0.06466,0.15409,0.0009,-3.68922,0.99689,0.99735,0.995,0.95123,0.99689,0.99735,0.995,0.995,0.32993,0.00913,0.03494,0.10469,0.0011,0,0.014556,0.004852,0.014556,0.004852,0.014556,0.004852,0.014556,0.004852
54,49344.6,0.43184,0.03216,0.06377,0.15216,0.00089,-3.72325,0.99607,0.99772,0.995,0.95343,0.99607,0.99772,0.995,0.995,0.32644,0.00884,0.03348,0.10383,0.00108,0,0.014259,0.004753,0.014259,0.004753,0.014259,0.004753,0.014259,0.004753
55,49617.5,0.43009,0.03179,0.06129,0.15388,0.0009,-3.73386,0.99867,0.99628,0.995,0.95435,0.99867,0.99628,0.995,0.995,0.3259,0.00888,0.03132,0.10235,0.00108,0,0.013962,0.004654,0.013962,0.004654,0.013962,0.004654,0.013962,0.004654
56,49890.8,0.43106,0.02753,0.0616,0.1484,0.00089,-3.79473,0.99783,0.99728,0.99498,0.95205,0.99783,0.99728,0.99498,0.99498,0.32794,0.00894,0.03156,0.10396,0.00109,0,0.013665,0.004555,0.013665,0.004555,0.013665,0.004555,0.013665,0.004555
57,50168.2,0.42727,0.0316,0.06059,0.15196,0.00088,-3.81592,0.99702,0.99555,0.99498,0.95368,0.99702,0.99555,0.99498,0.99498,0.32494,0.00881,0.03215,0.10473,0.00108,0,0.013368,0.004456,0.013368,0.004456,0.013368,0.004456,0.013368,0.004456
58,50443.3,0.4266,0.02921,0.06371,0.15424,0.00089,-3.75345,0.997,0.99654,0.99498,0.95445,0.997,0.99654,0.99498,0.99498,0.32319,0.0087,0.03229,0.10676,0.00108,0,0.013071,0.004357,0.013071,0.004357,0.013071,0.004357,0.013071,0.004357
59,50721,0.42696,0.02994,0.06095,0.15872,0.00088,-3.83426,0.99628,0.99627,0.99498,0.95544,0.99628,0.99627,0.99498,0.99498,0.32143,0.00874,0.03239,0.1051,0.00107,0,0.012774,0.004258,0.012774,0.004258,0.012774,0.004258,0.012774,0.004258
60,51004,0.42454,0.03,0.06142,0.15831,0.00088,-3.84431,0.99615,0.99499,0.99498,0.95505,0.99615,0.99499,0.99498,0.99498,0.32319,0.00876,0.03229,0.10716,0.00107,0,0.012477,0.004159,0.012477,0.004159,0.012477,0.004159,0.012477,0.004159
61,51281.5,0.42047,0.02594,0.05676,0.15261,0.00088,-3.89191,0.9959,0.99686,0.99498,0.95633,0.9959,0.99686,0.99498,0.99498,0.3196,0.00856,0.02994,0.10357,0.00106,0,0.01218,0.00406,0.01218,0.00406,0.01218,0.00406,0.01218,0.00406
62,51564.3,0.4196,0.02767,0.05614,0.1493,0.00087,-3.92311,0.99678,0.99613,0.99499,0.9558,0.99678,0.99613,0.99499,0.99499,0.32166,0.00849,0.03034,0.10406,0.00107,0,0.011883,0.003961,0.011883,0.003961,0.011883,0.003961,0.011883,0.003961
63,51851.2,0.41808,0.02644,0.05544,0.1483,0.00086,-3.96866,0.99845,0.99611,0.99499,0.95667,0.99845,0.99611,0.99499,0.99499,0.32143,0.00844,0.02994,0.10264,0.00107,0,0.011586,0.003862,0.011586,0.003862,0.011586,0.003862,0.011586,0.003862
64,52145.2,0.41694,0.02798,0.05422,0.14694,0.00086,-3.93962,0.99817,0.99738,0.99499,0.95707,0.99817,0.99738,0.99499,0.99499,0.31929,0.00839,0.02763,0.10156,0.00106,0,0.011289,0.003763,0.011289,0.003763,0.011289,0.003763,0.011289,0.003763
65,52445.5,0.41666,0.02957,0.05611,0.14796,0.00086,-3.91843,0.99787,0.99803,0.99499,0.95769,0.99787,0.99803,0.99499,0.99499,0.31741,0.0085,0.02851,0.10206,0.00106,0,0.010992,0.003664,0.010992,0.003664,0.010992,0.003664,0.010992,0.003664
66,52733.5,0.41065,0.02571,0.05311,0.14443,0.00085,-4.00846,0.99828,0.99733,0.995,0.95673,0.99828,0.99733,0.995,0.995,0.31832,0.00838,0.02701,0.10135,0.00106,0,0.010695,0.003565,0.010695,0.003565,0.010695,0.003565,0.010695,0.003565
67,53030.3,0.41658,0.02918,0.05465,0.15032,0.00086,-3.98887,0.99732,0.99753,0.99499,0.95687,0.99732,0.99753,0.99499,0.99499,0.31714,0.00841,0.0272,0.10198,0.00106,0,0.010398,0.003466,0.010398,0.003466,0.010398,0.003466,0.010398,0.003466
68,53327.1,0.4132,0.02558,0.05267,0.14201,0.00085,-4.03119,0.99803,0.99642,0.995,0.9566,0.99803,0.99642,0.995,0.995,0.31503,0.00815,0.02679,0.10049,0.00105,0,0.010101,0.003367,0.010101,0.003367,0.010101,0.003367,0.010101,0.003367
69,53624.1,0.41224,0.03063,0.05254,0.14492,0.00085,-4.05228,0.99772,0.99765,0.995,0.95702,0.99772,0.99765,0.995,0.995,0.31461,0.0081,0.0264,0.10047,0.00105,0,0.009804,0.003268,0.009804,0.003268,0.009804,0.003268,0.009804,0.003268
70,53919.1,0.40986,0.02828,0.05051,0.14701,0.00086,-4.06865,0.99735,0.99771,0.995,0.95803,0.99735,0.99771,0.995,0.995,0.31534,0.00806,0.02512,0.10058,0.00105,0,0.009507,0.003169,0.009507,0.003169,0.009507,0.003169,0.009507,0.003169
71,54216.3,0.40826,0.02678,0.05185,0.14373,0.00085,-4.08105,0.99688,0.99711,0.995,0.95902,0.99688,0.99711,0.995,0.995,0.31208,0.00801,0.02631,0.10017,0.00104,0,0.00921,0.00307,0.00921,0.00307,0.00921,0.00307,0.00921,0.00307
72,54512.6,0.40752,0.02717,0.04965,0.14172,0.00083,-4.19286,0.99877,0.99758,0.995,0.95928,0.99877,0.99758,0.995,0.995,0.31242,0.008,0.0252,0.09816,0.00104,0,0.008913,0.002971,0.008913,0.002971,0.008913,0.002971,0.008913,0.002971
73,54815.8,0.40552,0.02615,0.04826,0.14103,0.00083,-4.23629,0.99772,0.99775,0.995,0.95996,0.99772,0.99775,0.995,0.995,0.3103,0.00792,0.02509,0.09851,0.00103,0,0.008616,0.002872,0.008616,0.002872,0.008616,0.002872,0.008616,0.002872
74,55113.2,0.4038,0.02589,0.04795,0.13994,0.00083,-4.23185,0.99814,0.99756,0.995,0.96086,0.99814,0.99756,0.995,0.995,0.30948,0.00789,0.02479,0.09813,0.00103,0,0.008319,0.002773,0.008319,0.002773,0.008319,0.002773,0.008319,0.002773
75,55407.6,0.40174,0.0249,0.05041,0.13785,0.00082,-4.26313,0.9975,0.99818,0.995,0.96126,0.9975,0.99818,0.995,0.995,0.30862,0.0078,0.02442,0.09725,0.00103,0,0.008022,0.002674,0.008022,0.002674,0.008022,0.002674,0.008022,0.002674
76,55697.9,0.40221,0.02463,0.047,0.1379,0.00082,-4.28806,0.99857,0.99797,0.995,0.96211,0.99857,0.99797,0.995,0.995,0.30678,0.00775,0.02402,0.09635,0.00102,0,0.007725,0.002575,0.007725,0.002575,0.007725,0.002575,0.007725,0.002575
77,55975.8,0.3974,0.02338,0.04585,0.14433,0.00082,-4.29935,0.99815,0.99692,0.995,0.96156,0.99815,0.99692,0.995,0.995,0.30561,0.00769,0.02301,0.09739,0.00102,0,0.007428,0.002476,0.007428,0.002476,0.007428,0.002476,0.007428,0.002476
78,56252,0.39572,0.02702,0.04531,0.14676,0.00082,-4.3121,0.99694,0.99728,0.99499,0.96139,0.99694,0.99728,0.99499,0.99499,0.30569,0.00767,0.02309,0.10042,0.00102,0,0.007131,0.002377,0.007131,0.002377,0.007131,0.002377,0.007131,0.002377
79,56526.8,0.39704,0.02493,0.04541,0.13887,0.00081,-4.35209,0.99822,0.99743,0.995,0.96129,0.99822,0.99743,0.995,0.995,0.30452,0.00763,0.02332,0.099,0.00101,0,0.006834,0.002278,0.006834,0.002278,0.006834,0.002278,0.006834,0.002278
80,56801.2,0.39839,0.02501,0.04508,0.14093,0.00081,-4.37863,0.99837,0.99796,0.99499,0.96136,0.99837,0.99796,0.99499,0.99499,0.30342,0.00756,0.02271,0.09695,0.00101,0,0.006537,0.002179,0.006537,0.002179,0.006537,0.002179,0.006537,0.002179
81,57074.3,0.39084,0.02629,0.04399,0.14122,0.0008,-4.39852,0.99914,0.99824,0.995,0.96229,0.99914,0.99824,0.995,0.995,0.3035,0.00751,0.02302,0.09647,0.00101,0,0.00624,0.00208,0.00624,0.00208,0.00624,0.00208,0.00624,0.00208
82,57348.6,0.38839,0.02315,0.04519,0.13864,0.0008,-4.43756,0.99812,0.99717,0.995,0.96275,0.99812,0.99717,0.995,0.995,0.30163,0.00744,0.02322,0.09652,0.00101,0,0.005943,0.001981,0.005943,0.001981,0.005943,0.001981,0.005943,0.001981
83,57626.3,0.38698,0.02102,0.04398,0.13525,0.0008,-4.4453,0.99801,0.99812,0.995,0.9626,0.99801,0.99812,0.995,0.995,0.30258,0.00744,0.02256,0.09632,0.00101,0,0.005646,0.001882,0.005646,0.001882,0.005646,0.001882,0.005646,0.001882
84,57906.7,0.39115,0.02538,0.04188,0.13896,0.0008,-4.46037,0.99905,0.99727,0.995,0.96285,0.99905,0.99727,0.995,0.995,0.30185,0.00743,0.02188,0.09687,0.00101,0,0.005349,0.001783,0.005349,0.001783,0.005349,0.001783,0.005349,0.001783
85,58185.2,0.38478,0.0237,0.04173,0.13592,0.00078,-4.53141,0.99876,0.99803,0.995,0.96256,0.99876,0.99803,0.995,0.995,0.30138,0.00735,0.02103,0.09566,0.001,0,0.005052,0.001684,0.005052,0.001684,0.005052,0.001684,0.005052,0.001684
86,58463.3,0.38994,0.02295,0.04242,0.13531,0.00079,-4.52556,0.99762,0.99725,0.995,0.96298,0.99762,0.99725,0.995,0.995,0.30056,0.00733,0.02027,0.09619,0.001,0,0.004755,0.001585,0.004755,0.001585,0.004755,0.001585,0.004755,0.001585
87,58739.2,0.38573,0.02132,0.04337,0.13402,0.00079,-4.51957,0.99885,0.99787,0.995,0.96335,0.99885,0.99787,0.995,0.995,0.2991,0.00727,0.02065,0.09492,0.001,0,0.004458,0.001486,0.004458,0.001486,0.004458,0.001486,0.004458,0.001486
88,59015.9,0.38048,0.02283,0.0413,0.13201,0.00078,-4.5736,0.99837,0.99719,0.995,0.96379,0.99837,0.99719,0.995,0.995,0.29828,0.00727,0.02039,0.09566,0.00099,0,0.004161,0.001387,0.004161,0.001387,0.004161,0.001387,0.004161,0.001387
89,59290.8,0.38138,0.02187,0.04276,0.13394,0.00079,-4.56868,0.99894,0.99752,0.995,0.96392,0.99894,0.99752,0.995,0.995,0.29749,0.00722,0.02067,0.09447,0.00099,0,0.003864,0.001288,0.003864,0.001288,0.003864,0.001288,0.003864,0.001288
90,59566.5,0.3772,0.01986,0.04187,0.13156,0.00078,-4.61465,0.99776,0.99719,0.995,0.96315,0.99776,0.99719,0.995,0.995,0.29778,0.00722,0.0202,0.09613,0.00099,0,0.003567,0.001189,0.003567,0.001189,0.003567,0.001189,0.003567,0.001189
91,59872,0.34081,0.00996,0.0216,0.10971,0.00085,-4.26414,0.9984,0.99862,0.995,0.96305,0.9984,0.99862,0.995,0.995,0.29774,0.00726,0.0195,0.09464,0.00099,0,0.00327,0.00109,0.00327,0.00109,0.00327,0.00109,0.00327,0.00109
92,60148,0.33979,0.00995,0.0195,0.10871,0.00084,-4.31204,0.99802,0.9977,0.995,0.96302,0.99802,0.9977,0.995,0.995,0.29727,0.00729,0.01851,0.09376,0.00099,0,0.002973,0.000991,0.002973,0.000991,0.002973,0.000991,0.002973,0.000991
93,60422,0.33674,0.00965,0.02045,0.10922,0.00084,-4.31132,0.99872,0.99689,0.995,0.96391,0.99872,0.99689,0.995,0.995,0.29735,0.00725,0.01813,0.09431,0.00099,0,0.002676,0.000892,0.002676,0.000892,0.002676,0.000892,0.002676,0.000892
94,60700.2,0.33577,0.00974,0.01998,0.11249,0.00085,-4.29987,0.99829,0.99657,0.995,0.96403,0.99829,0.99657,0.995,0.995,0.29666,0.00722,0.01795,0.09473,0.00099,0,0.002379,0.000793,0.002379,0.000793,0.002379,0.000793,0.002379,0.000793
95,60974.4,0.34004,0.00994,0.02078,0.11592,0.00086,-4.31526,0.99697,0.99657,0.995,0.96383,0.99697,0.99657,0.995,0.995,0.29653,0.00721,0.01787,0.096,0.00099,0,0.002082,0.000694,0.002082,0.000694,0.002082,0.000694,0.002082,0.000694
96,61248.9,0.33517,0.00955,0.01904,0.11153,0.00084,-4.34836,0.99757,0.99597,0.995,0.96391,0.99757,0.99597,0.995,0.995,0.29609,0.00719,0.01739,0.09582,0.00099,0,0.001785,0.000595,0.001785,0.000595,0.001785,0.000595,0.001785,0.000595
97,61526.7,0.32943,0.00904,0.01866,0.10583,0.00083,-4.39527,0.99643,0.99728,0.99499,0.96417,0.99643,0.99728,0.99499,0.99499,0.29581,0.00715,0.017,0.09612,0.00099,0,0.001488,0.000496,0.001488,0.000496,0.001488,0.000496,0.001488,0.000496
98,61800.2,0.33067,0.00948,0.01845,0.10424,0.00082,-4.42666,0.99765,0.99698,0.995,0.96426,0.99765,0.99698,0.995,0.995,0.29517,0.00712,0.01659,0.09476,0.00098,0,0.001191,0.000397,0.001191,0.000397,0.001191,0.000397,0.001191,0.000397
99,62072.5,0.32602,0.00899,0.0181,0.10422,0.00081,-4.47121,0.99832,0.99642,0.995,0.96434,0.99832,0.99642,0.995,0.995,0.29532,0.00711,0.01626,0.09479,0.00099,0,0.000894,0.000298,0.000894,0.000298,0.000894,0.000298,0.000894,0.000298
100,62344.8,0.32555,0.0088,0.01826,0.10244,0.0008,-4.5142,0.99751,0.99828,0.995,0.96493,0.99751,0.99828,0.995,0.995,0.29413,0.00708,0.01606,0.09353,0.00098,0,0.000597,0.000199,0.000597,0.000199,0.000597,0.000199,0.000597,0.000199
